"membership","node_count","motif_top_deg_beta","max_deg_within_cluster","deg_mean","motif_top_count_beta","max_count_within_cluster","cluster_total_count","motif_freq_50_beta","betaCDR3_length","diam_length","assortativity","transitivity","edge_density","centr_degree","centr_clo","eigen_centrality","centr_eigen"
"1",4,"CASSLAGAYEQYF","2",1.5,"CASSLTGSYEQYF","3",7,"",13,4,-0.5,0,0.5,0.166666666666667,0.416666666666667,1.61803398874989,0.381966011250105
"2",4,"CASSLASNYGYTF","2",1.5,"CASSLGSDYGYTF","12",23,"",13,4,-0.5,0,0.5,0.166666666666667,0.416666666666667,1.6180339887499,0.381966011250105
"3",5,"CASSLGGNEQFF","3",2,"CASSLGGNEQFF","11",30,"",12,4,-0.562499999999999,0.428571428571429,0.5,0.25,0.427777777777778,2.302775637732,0.420988605452447
"4",6,"CASSLQSYEQYF","4",2,"CASSLNSYEQYF","456",535,"",12,4,-0.68,0.3,0.4,0.4,0.617775974025974,2.44578704245896,0.55009826501324
"5",6,"CASSYSGGDEQFF","4",2.33,"CASSYSGGDEQFF","5510",5542,"",13,4,-0.555555555555555,0.25,0.466666666666667,0.333333333333333,0.516071428571429,2.59907239642937,0.45697052465448
"6",3,"CASSGGTEETQYF","2",2,"CASSPGTEETQYF","44",49,"",13,2,NA,1,1,0,0,2,0
"7",3,"CASSLAGFSNEQFF","2",2,"CASSLAGVSNEQFF","7",12,"",14,2,NA,1,1,0,0,2,8.88178419700125e-16
"8",4,"CASSQRTGREQYF","3",2,"CASSQRTGREQYF","380",383,"",13,3,-0.714285714285714,0.6,0.666666666666667,0.333333333333333,0.75,2.17008648662603,0.414956756686983
"9",3,"CATSRQGRTDTQYF","2",1.33,"CASSRQGRTDTQYF","2205",2329,"",14,3,-1,0,0.666666666666667,0.333333333333333,1,1.4142135623731,0.585786437626906
"10",3,"CASSQWQTAYSGNTIYF","2",1.33,"CASSQWQTAYSGNTIYF","7",10,"",17,3,-1,0,0.666666666666667,0.333333333333333,1,1.4142135623731,0.585786437626905
"11",3,"CASSRQGSYEQYF","2",1.33,"CASSRPGSYEQYF","5",8,"",13,3,-1,0,0.666666666666667,0.333333333333333,1,1.41421356237309,0.585786437626905
"12",3,"CASTGSYNEQFF","2",1.33,"CASTGSYNEQFF","21",38,"",12,3,-1,0,0.666666666666667,0.333333333333333,1,1.41421356237309,0.585786437626904
"13",3,"CASSYRGKETQYF","2",1.33,"CASSYRGKETQYF","17",19,"",13,3,-1,0,0.666666666666667,0.333333333333333,1,1.41421356237309,0.585786437626905
"14",3,"CASSLGAGEAKLFF","2",1.33,"CASSLGAGEAKLFF","20",22,"",14,3,-1,0,0.666666666666667,0.333333333333333,1,1.4142135623731,0.585786437626905
"15",3,"CATSRESG_QQGEQFF","2",1.33,"CATSRESG_QQGEQFF","6",8,"",16,3,-1,0,0.666666666666667,0.333333333333333,1,1.4142135623731,0.585786437626904
"16",3,"CASSQDLGTGGAGGYTF","2",1.33,"CASSQDTGTGGAGGYTF","3",5,"",17,3,-1,0,0.666666666666667,0.333333333333333,1,1.41421356237309,0.585786437626905
"17",3,"CSVEGLA_SSYEQYF","2",1.33,"CSVEGLA_SSYEQYF","113",115,"",15,3,-1,0,0.666666666666667,0.333333333333333,1,1.41421356237309,0.585786437626905
"18",3,"CASSYSYEQYF","2",1.33,"CASSYGYEQYF","34",64,"",11,3,-1,0,0.666666666666667,0.333333333333333,1,1.4142135623731,0.585786437626904
"19",3,"CASSLEGGGLNTEAFF","2",1.33,"CASSLEGGGLNTEAFF","2",4,"",16,3,-1,0,0.666666666666667,0.333333333333333,1,1.4142135623731,0.585786437626906
"20",3,"CASSQAGERSPLHF","2",1.33,"CASSQAGERSPLHF","15",17,"",14,3,-1,0,0.666666666666667,0.333333333333333,1,1.41421356237309,0.585786437626905
"21",3,"CASRDTGDGGAEQYF","2",1.33,"CASRDTGDGGAEQYF","17",19,"",15,3,-1,0,0.666666666666667,0.333333333333333,1,1.4142135623731,0.585786437626905
"22",3,"CASTEQG_VYEQYF","2",1.33,"CASTEQG_VYEQYF","21",23,"",14,3,-1,0,0.666666666666667,0.333333333333333,1,1.41421356237309,0.585786437626906
"23",3,"CSVEGVAG_NTGELFF","2",1.33,"CSVEGVAG_DTGELFF","3",5,"",16,3,-1,0,0.666666666666667,0.333333333333333,1,1.4142135623731,0.585786437626905
"24",3,"CASRGSTEAFF","2",1.33,"CASKGSTEAFF","34",60,"",11,3,-1,0,0.666666666666667,0.333333333333333,1,1.4142135623731,0.585786437626905
"25",3,"CASTKLAATYNEQFF","2",1.33,"CASTKLAATYNEQFF","16",18,"",15,3,-1,0,0.666666666666667,0.333333333333333,1,1.41421356237309,0.585786437626906
"26",3,"CASSLETGFNYGYTF","2",1.33,"CASSLETGFNYGYTF","6",8,"",15,3,-1,0,0.666666666666667,0.333333333333333,1,1.4142135623731,0.585786437626905
"27",2,"CASRG_DEQFF","1",1,"CASRG_DEQFF","1",2,"",11,2,NA,NA,1,0,NA,1,NA
"28",2,"CARSFRREGPYEQ*F","1",1,"CARSFRREGPYEQYF","10",11,"",15,2,NA,NA,1,0,NA,1,NA
"29",2,"CASSPGHNRGETKYF","1",1,"CASSPGHNRGETQYF","13",14,"",15,2,NA,NA,1,0,NA,1,NA
"30",2,"CASSIGLAGGPRGGELFF","1",1,"CASSIGLAGGPRGGELFF","2",3,"",18,2,NA,NA,1,0,NA,1,NA
"31",2,"CASSIPSPGLYEQYF","1",1,"CASSIPSPGLYEQYF","17",18,"",15,2,NA,NA,1,0,NA,1,NA
"32",2,"CASSPGTSGRNEQFF","1",1,"CASSPGTSGYNEQFF","13",15,"",15,2,NA,NA,1,0,NA,1,NA
"33",2,"CARSHGGAGYEQYF","1",1,"CARSHGGAGYEQYF","1",2,"",14,2,NA,NA,1,0,NA,1,NA
"34",2,"CASNIRERQPQHF","1",1,"CASSIRERQPQHF","25",26,"",13,2,NA,NA,1,0,NA,1,NA
"35",2,"CASRGGRSSYNEQFF","1",1,"CASSGGRSSYNEQFF","146",147,"",15,2,NA,NA,1,0,NA,1,NA
"36",2,"CASSGGDTQYF","1",1,"CASSGGDTQYF","62",69,"",11,2,NA,NA,1,0,NA,1,NA
"37",2,"CASMGLAGVNEQFF","1",1,"CASMGLAGVNEQFF","79",101,"",14,2,NA,NA,1,0,NA,1,NA
"38",2,"CARKQGKR_SGNTIYF","1",1,"CARKQGKR_SGNTIYF","13",14,"",16,2,NA,NA,1,0,NA,1,NA
"39",2,"CAISESMARGDNNEQFF","1",1,"CAISESMASGDNNEQFF","33",35,"",17,2,NA,NA,1,0,NA,1,NA
"40",2,"CASSLAASGAEEQYF","1",1,"CASSLAASGTEEQYF","19",20,"",15,2,NA,NA,1,0,NA,1,NA
"41",2,"CASSFSTGEQFF","1",1,"CASSFSTGEQYF","15",16,"",12,2,NA,NA,1,0,NA,1,NA
"42",2,"CASSLACG_DRYEQYF","1",1,"CASSLAGG_DRYEQYF","7",8,"",16,2,NA,NA,1,0,NA,1,NA
"43",2,"CASLINRGTDTQYF","1",1,"CASSINRGTDTQYF","16",17,"",14,2,NA,NA,1,0,NA,1,NA
"44",2,"CSARGG_RNEQYF","1",1,"CSARGGDRNEQYF","24",25,"",13,2,NA,NA,1,0,NA,1,NA
"45",2,"CASSFLNTEAFF","1",1,"CASSFLNTEAFF","8",10,"",12,2,NA,NA,1,0,NA,1,NA
"46",2,"CAPWRGETQYF","1",1,"CAPWRGETQYF","25",26,"",11,2,NA,NA,1,0,NA,1,NA
"47",2,"CASSLTASGRGEQSF","1",1,"CASSLTASGRGEQSF","1",2,"",15,2,NA,NA,1,0,NA,1,NA
"48",2,"CASSFKQGAISNQPQHF","1",1,"CASSFKQGANSNQPQHF","12",13,"",17,2,NA,NA,1,0,NA,1,NA
"49",2,"CASIERAGH_GGANVLTF","1",1,"CASIERAGH_GGANVLTF","18",19,"",18,2,NA,NA,1,0,NA,1,NA
"50",2,"CASSFI*GTS_EFGQETQYF","1",1,"CASSFI*GTS_EFSQETQYF","16",17,"",20,2,NA,NA,1,0,NA,1,NA
"51",2,"CASHSGLGTDTQYF","1",1,"CASHSGLGTDTQYF","19",20,"",14,2,NA,NA,1,0,NA,1,NA
"52",2,"CASSFGLPYEQYF","1",1,"CASSFGLSYEQYF","12",17,"",13,2,NA,NA,1,0,NA,1,NA
"53",2,"CASSFGIGSTKNIQYF","1",1,"CASSFGIGSTQNIQYF","10",11,"",16,2,NA,NA,1,0,NA,1,NA
"54",2,"CASSLLRTGGAVFHNEQFF","1",1,"CASSLLRTGGAVFHNEQFF","16",17,"",19,2,NA,NA,1,0,NA,1,NA
"55",2,"CASSFGGTGNSGELFF","1",1,"CASSFRGTGNSGELFF","16",17,"",16,2,NA,NA,1,0,NA,1,NA
"56",2,"CASGSGGSRNDQFF","1",1,"CASGSGGSRNEQFF","23",24,"",14,2,NA,NA,1,0,NA,1,NA
"57",2,"CAPTKGLA_VRSNEQFF","1",1,"CAPTKGLA_VRSNEQFF","5",6,"",17,2,NA,NA,1,0,NA,1,NA
"58",2,"CARSFFWLANHNEQFF","1",1,"CASSFFWLANHNEQFF","5",6,"",16,2,NA,NA,1,0,NA,1,NA
"59",2,"CASGKGLSSSGNTIYF","1",1,"CASGKGLSSSGNTIYF","16",17,"",16,2,NA,NA,1,0,NA,1,NA
"60",2,"CASSFDTSYEQYF","1",1,"CASSFDTSYEQYF","10",11,"",13,2,NA,NA,1,0,NA,1,NA
"61",2,"CASGIASRGPEKLFF","1",1,"CASSIASRGPEKLFF","13",14,"",15,2,NA,NA,1,0,NA,1,NA
"62",2,"CASSPDSSGNTIYF","1",1,"CASSPDSSGNTIYF","16",24,"",14,2,NA,NA,1,0,NA,1,NA
"63",2,"CASSFDPDTQYF","1",1,"CASSFDPDTQYF","3",5,"",12,2,NA,NA,1,0,NA,1,NA
"64",2,"CASSLGQGNTEAFF","1",1,"CASSLGQMNTEAFF","7",8,"",14,2,NA,NA,1,0,NA,1,NA
"65",2,"CASSLTNRGNEQFF","1",1,"CASSLTNRGNEQFF","16",17,"",14,2,NA,NA,1,0,NA,1,NA
"66",2,"CASSPGGGSYNEQFF","1",1,"CASSPGGGSYNEQFF","1",2,"",15,2,NA,NA,1,0,NA,1,NA
"67",2,"CASSLGQGN*QYF","1",1,"CASSLGQGNEQYF","18",19,"",13,2,NA,NA,1,0,NA,1,NA
"68",2,"CASSNGAGTSNYGYTF","1",1,"CASSNGAGTSNYGYTF","14",15,"",16,2,NA,NA,1,0,NA,1,NA
"69",2,"CAISEGNTRSGANVLTF","1",1,"CASSEGNTRSGANVLTF","6",7,"",17,2,NA,NA,1,0,NA,1,NA
"70",2,"CASSLPGLGSNEKFF","1",1,"CASSLPGLGSNEQFF","19",20,"",15,2,NA,NA,1,0,NA,1,NA
"71",2,"CASSLGQAYEQYF","1",1,"CASSLGQAYEQYF","12",13,"",13,2,NA,NA,1,0,NA,1,NA
"72",2,"*ATSGNRGGRETQYF","1",1,"CATSGNRGGRETQYF","12",13,"",15,2,NA,NA,1,0,NA,1,NA
"73",2,"CASSLRDAWDEQFF","1",1,"CASSLRDAWDEQFF","2",3,"",14,2,NA,NA,1,0,NA,1,NA
"74",2,"CASSLRFSGRTAEQYF","1",1,"CASSLRFSGRTAEQYF","13",14,"",16,2,NA,NA,1,0,NA,1,NA
"75",2,"CATSRAGTFYDEQYF","1",1,"CATSRAGTFYDEQYF","29",30,"",15,2,NA,NA,1,0,NA,1,NA
"76",2,"CASSLSGEGATQYF","1",1,"CASSLSGEGATQYF","12",13,"",14,2,NA,NA,1,0,NA,1,NA
"77",2,"CASSYQDRGTSNTEAFF","1",1,"CASSYQDRGTSNTEAFF","13",14,"",17,2,NA,NA,1,0,NA,1,NA
"78",2,"CASSLSGGIAKNIQYF","1",1,"CASSLSGGIAKNIQYF","11",12,"",16,2,NA,NA,1,0,NA,1,NA
"79",2,"CATSEGAGDEKLFF","1",1,"CATSEGAGDEKLFF","55",58,"",14,2,NA,NA,1,0,NA,1,NA
"80",2,"CASNDGASGTMVTQYF","1",1,"CASNDGASGTMVTQYF","3",4,"",16,2,NA,NA,1,0,NA,1,NA
"81",2,"CASGDGNTGELFF","1",1,"CASGGGNTGELFF","61",62,"",13,2,NA,NA,1,0,NA,1,NA
"82",2,"CASSLTSGSRYEQYF","1",1,"CASSLTSGSSYEQYF","3",4,"",15,2,NA,NA,1,0,NA,1,NA
"83",2,"CASSLTQNQPQHF","1",1,"CASSLTQNQPQHF","1",2,"",13,2,NA,NA,1,0,NA,1,NA
"84",2,"CACSLYYT_TSSYEQYF","1",1,"CASSLYYT_TSSYEQYF","15",16,"",17,2,NA,NA,1,0,NA,1,NA
"85",2,"CASSMNAAGESYGYTF","1",1,"CASSMNAAGESYGYTF","19",20,"",16,2,NA,NA,1,0,NA,1,NA
"86",2,"CAPAGG_DTQYF","1",1,"RAPAGG_DTQYF","71",75,"",12,2,NA,NA,1,0,NA,1,NA
"87",2,"CANSLLAGTTIPYEQYF","1",1,"CANSLLAGTTIPYEQYF","1",2,"",17,2,NA,NA,1,0,NA,1,NA
"88",2,"CASSPARDSSYEQYF","1",1,"CASSPARDSSYEQYF","12",13,"",15,2,NA,NA,1,0,NA,1,NA
"89",2,"CASSPARLAGSTDTQYF","1",1,"CASSPARLAGSTDTQYF","9",10,"",17,2,NA,NA,1,0,NA,1,NA
"90",2,"CACSIPEL_YNSPLHF","1",1,"CASSIPEL_YNSPLHF","18",19,"",16,2,NA,NA,1,0,NA,1,NA
"91",2,"CASSPDRGYGYSF","1",1,"CASSPDRGYGYTF","10",11,"",13,2,NA,NA,1,0,NA,1,NA
"92",2,"CASSLGNTEAFF","1",1,"CASSLTNTEAFF","4",5,"",12,2,NA,NA,1,0,NA,1,NA
"93",2,"CASSPHPTEQDYTF","1",1,"CASSPHPTEQDYTF","13",14,"",14,2,NA,NA,1,0,NA,1,NA
"94",2,"CASSPGGNYGYTF","1",1,"CASSPGGNYGYTF","17",18,"",13,2,NA,NA,1,0,NA,1,NA
"95",2,"CASSEAGNTEAFF","1",1,"CASSEAGNTEAFF","5",8,"",13,2,NA,NA,1,0,NA,1,NA
"96",2,"CASSPHGSGRSYEQYF","1",1,"CASSPHGSGRSYEQYF","15",16,"",16,2,NA,NA,1,0,NA,1,NA
"97",2,"CASSLGMETQYF","1",1,"CASSLGMETQYF","28",29,"",12,2,NA,NA,1,0,NA,1,NA
"98",2,"CASSPDGRNQPQHF","1",1,"CASSPLGRNQPQHF","8",12,"",14,2,NA,NA,1,0,NA,1,NA
"99",2,"CATQAGVDEQFF","1",1,"CATQAGVDEQFF","10",11,"",12,2,NA,NA,1,0,NA,1,NA
"100",2,"CASSPQREVTDTQYF","1",1,"CASSPQREVTDTQYF","18",19,"",15,2,NA,NA,1,0,NA,1,NA
"101",2,"CASSLGGTSGRDEQFF","1",1,"CASSLGGTSGRDEQFF","5",6,"",16,2,NA,NA,1,0,NA,1,NA
"102",2,"CASSPRRSVLPYEQYF","1",1,"CASSPRRSVLPYEQYF","11",12,"",16,2,NA,NA,1,0,NA,1,NA
"103",2,"CASSPRTDSYEQYF","1",1,"CASSPRTDSYEQYF","18",26,"",14,2,NA,NA,1,0,NA,1,NA
"104",2,"CASSLGGPGLAGQ*TQYF","1",1,"CASSLGGPGLAGQETQYF","5",6,"",18,2,NA,NA,1,0,NA,1,NA
"105",2,"CASRTGEEKLFF","1",1,"CASRTGEEKLFF","12",13,"",12,2,NA,NA,1,0,NA,1,NA
"106",2,"CASCSAGTGCNEQFF","1",1,"CASCSAGTGCNEQFF","22",23,"",15,2,NA,NA,1,0,NA,1,NA
"107",2,"CANRDRGNTGELFF","1",1,"CASRDRGNTGELFF","11",12,"",14,2,NA,NA,1,0,NA,1,NA
"108",2,"CASSTGRSGSTNEKLFF","1",1,"CASSTGRSGSTNEKLFF","7",8,"",17,2,NA,NA,1,0,NA,1,NA
"109",2,"CASSLGGDTEAFF","1",1,"CASSLGGDTEAFF","1",2,"",13,2,NA,NA,1,0,NA,1,NA
"110",2,"CASRRNLNTEAFF","1",1,"CASRRTLNTEAFF","12",13,"",13,2,NA,NA,1,0,NA,1,NA
"111",2,"CASCLVASGS*STDTQYF","1",1,"CASSLVASGS*STDTQYF","7",8,"",18,2,NA,NA,1,0,NA,1,NA
"112",2,"CASSLGD_SNQPQHF","1",1,"CASSLGD_SNQPQHF","3",4,"",15,2,NA,NA,1,0,NA,1,NA
"113",2,"CASSSQVGQGVFQPQHF","1",1,"CASSSQVGQGVFQPQHF","5",6,"",17,2,NA,NA,1,0,NA,1,NA
"114",2,"CSVSGGNEQFF","1",1,"CSVSGGNEQFF","138",139,"",11,2,NA,NA,1,0,NA,1,NA
"115",2,"CASS*GYQETQYF","1",1,"CASSSGYQETQYF","19",20,"",13,2,NA,NA,1,0,NA,1,NA
"116",2,"CASREGQLSTDTQYF","1",1,"CASREGQLSTDTQYF","7",8,"",15,2,NA,NA,1,0,NA,1,NA
"117",2,"CAS*PQRDEQFF","1",1,"CASSPQRDEQFF","20",21,"",12,2,NA,NA,1,0,NA,1,NA
"118",2,"CASTILRAEKLFF","1",1,"CASTILRAEKLFF","4",5,"",13,2,NA,NA,1,0,NA,1,NA
"119",2,"CAGSLGEAGELFF","1",1,"CASSLGEAGELFF","17",18,"",13,2,NA,NA,1,0,NA,1,NA
"120",2,"CASSSGASENTIYF","1",1,"CASSSGASGNTIYF","14",15,"",14,2,NA,NA,1,0,NA,1,NA
"121",2,"CASRLGPSYNEQFF","1",1,"CASRLGPSYNEQFF","22",23,"",14,2,NA,NA,1,0,NA,1,NA
"122",2,"CASSSG_TGELFF","1",1,"CASSSGVTGELFF","15",16,"",13,2,NA,NA,1,0,NA,1,NA
"123",2,"CASSLLAGGDYEQYF","1",1,"CASSSLAGGDYEQYF","7",8,"",15,2,NA,NA,1,0,NA,1,NA
"124",2,"CASSIEGGNEQFF","1",1,"CASSIEGGNEQFF","221",225,"",13,2,NA,NA,1,0,NA,1,NA
"125",2,"CASSP","1",1,"CASSP","1",2,"",5,2,NA,NA,1,0,NA,1,NA
"126",2,"CASSSMANW*FF","1",1,"CASSSMANWQFF","22",24,"",12,2,NA,NA,1,0,NA,1,NA
"127",2,"CASSLEILGLAIQETQYF","1",1,"CASSLEIPGLAIQETQYF","8",9,"",18,2,NA,NA,1,0,NA,1,NA
"128",2,"CASSSRG_GETQYF","1",1,"CASSSRG_GETQYF","2",3,"",14,2,NA,NA,1,0,NA,1,NA
"129",2,"CASSPRGQAGYQETQYF","1",1,"CASSPRGQAGYQETQYF","8",9,"",17,2,NA,NA,1,0,NA,1,NA
"130",2,"CASSSSVGYTF","1",1,"CASSSSVGYTF","23",24,"",11,2,NA,NA,1,0,NA,1,NA
"131",2,"CASSTGFTSGSYEQYF","1",1,"CASSTGFTSGSYEQYF","15",16,"",16,2,NA,NA,1,0,NA,1,NA
"132",2,"CASRLAATNTGELFF","1",1,"CASRLAATNTGELFF","206",207,"",15,2,NA,NA,1,0,NA,1,NA
"133",2,"CAIMKGEHDSYNEQFF","1",1,"CAIMKGEHDSYNEQFF","5",6,"",16,2,NA,NA,1,0,NA,1,NA
"134",2,"CASSTQGAGADTQYF","1",1,"CASSTQGAGADTQYF","1",2,"",15,2,NA,NA,1,0,NA,1,NA
"135",2,"CASSTVNEPFF","1",1,"CASSTVNEQFF","28",29,"",11,2,NA,NA,1,0,NA,1,NA
"136",2,"CASSYDGDDEQYF","1",1,"CASSYDRDDEQYF","14",15,"",13,2,NA,NA,1,0,NA,1,NA
"137",2,"CARSMGLAGHGDTQYF","1",1,"CASSMGLAGHGDTQYF","9",10,"",16,2,NA,NA,1,0,NA,1,NA
"138",2,"CASSYFTGIRRTGELFF","1",1,"CASSYFTGTRRTGELFF","7",8,"",17,2,NA,NA,1,0,NA,1,NA
"139",2,"CASSPTSGVLNEQFF","1",1,"CASSRTSGVLNEQFF","18",19,"",15,2,NA,NA,1,0,NA,1,NA
"140",2,"CASSPRQGFGYTF","1",1,"CASSRRQGFGYTF","66",67,"",13,2,NA,NA,1,0,NA,1,NA
"141",2,"CASSEGWDEQFF","1",1,"CASSEGWDEQFF","17",18,"",12,2,NA,NA,1,0,NA,1,NA
"142",2,"CASSHRGHLTGELFF","1",1,"CASSHRGHLTGELFF","20",21,"",15,2,NA,NA,1,0,NA,1,NA
"143",2,"CASSRGRDEKLFF","1",1,"CASSRGRDEKLFF","17",18,"",13,2,NA,NA,1,0,NA,1,NA
"144",2,"CASSYLGPTDTQYF","1",1,"CASSYSGPTDTQYF","13",14,"",14,2,NA,NA,1,0,NA,1,NA
"145",2,"CASSYSGQGVKNIQYF","1",1,"CASSYSGQGVKNIQYF","7",8,"",16,2,NA,NA,1,0,NA,1,NA
"146",2,"CASSYGGHEQYF","1",1,"CASSYGGHEQYF","2",3,"",12,2,NA,NA,1,0,NA,1,NA
"147",2,"CASTKRPG_SGGELFF","1",1,"CASTKRPGGSGGELFF","18",19,"",16,2,NA,NA,1,0,NA,1,NA
"148",2,"CATSGRQGSMDEQYF","1",1,"CATSGRQGSVDEQYF","18",19,"",15,2,NA,NA,1,0,NA,1,NA
"149",2,"CARSLGAVSNQPQHF","1",1,"CASSLGAVSNQPQHF","7",8,"",15,2,NA,NA,1,0,NA,1,NA
"150",2,"CAIT*TTNYGYTF","1",1,"CAITETTNYGYTF","7",8,"",13,2,NA,NA,1,0,NA,1,NA
"151",2,"CASSRG*GAVIEHF","1",1,"CASSRGQGAVIEHF","15",17,"",14,2,NA,NA,1,0,NA,1,NA
"152",2,"CASTLDIVYNEKFF","1",1,"CASTLDIVYNEQFF","13",14,"",14,2,NA,NA,1,0,NA,1,NA
"153",2,"CASSLEGAANSPLHF","1",1,"CASSLEGANNSPLHF","24",25,"",15,2,NA,NA,1,0,NA,1,NA
"154",2,"CASTRWGLASGEQFF","1",1,"CASTRWGLASGEQFF","1",2,"",15,2,NA,NA,1,0,NA,1,NA
"155",2,"CASTSEGWRNNEQFF","1",1,"CASTSEGWRYNEQFF","7",8,"",15,2,NA,NA,1,0,NA,1,NA
"156",2,"CASTTG_GEKLFF","1",1,"CASTTGGGEKLFF","37",40,"",13,2,NA,NA,1,0,NA,1,NA
"157",2,"CATAQGENQPQHF","1",1,"CATAQGENQPQHF","8",13,"",13,2,NA,NA,1,0,NA,1,NA
"158",2,"CASSRDRSSYEQYF","1",1,"CASSRDRSSYEQYF","17",18,"",14,2,NA,NA,1,0,NA,1,NA
"159",2,"CATRGQGRTDTHYF","1",1,"CATRGQGRTDTQYF","12",13,"",14,2,NA,NA,1,0,NA,1,NA
"160",2,"CASSDRWD*_GLQETQYF","1",1,"CATSDRWD*_GLQETQYF","14",16,"",18,2,NA,NA,1,0,NA,1,NA
"161",2,"CATSDFYRG_NSGANVLTF","1",1,"CATSDFYRG_NSGANVLTF","4",5,"",19,2,NA,NA,1,0,NA,1,NA
"162",2,"CATSADSSNQPQHF","1",1,"CATSRDSSNQPQHF","6",8,"",14,2,NA,NA,1,0,NA,1,NA
"163",2,"CASSLDRDSYSYNEQFF","1",1,"CASSLDRDSYSYNEQFF","2",3,"",17,2,NA,NA,1,0,NA,1,NA
"164",2,"CASRGQGAQPQHF","1",1,"CASRGQGAQPQHF","10",18,"",13,2,NA,NA,1,0,NA,1,NA
"165",2,"CASSPTSGRYEQYF","1",1,"CASSPTSGRYEQYF","113",114,"",14,2,NA,NA,1,0,NA,1,NA
"166",2,"CATSLAGSNQPQHF","1",1,"CATSLAGSNQPQHF","8",9,"",14,2,NA,NA,1,0,NA,1,NA
"167",2,"CASSRDRLASG_ELSGANVLTF","1",1,"CASSRDRLASG_ELSGANVLTF","5",6,"",22,2,NA,NA,1,0,NA,1,NA
"168",2,"CATGSRQG_VADTQYF","1",1,"CATSSRQG_VADTQYF","15",16,"",16,2,NA,NA,1,0,NA,1,NA
"169",2,"CASSLAGRSYNEQFF","1",1,"CASSLDGRSYNEQFF","20",21,"",15,2,NA,NA,1,0,NA,1,NA
"170",2,"CASSR*LAGLAKNIQYF","1",1,"CASSR*LAGLAKNIQYF","13",14,"",17,2,NA,NA,1,0,NA,1,NA
"171",2,"CAWSAGG_SYGYTF","1",1,"CAWSAGGGSYGYTF","4",5,"",14,2,NA,NA,1,0,NA,1,NA
"172",2,"CAWSHGQGFGYTF","1",1,"CAWSHGQGYGYTF","31",32,"",13,2,NA,NA,1,0,NA,1,NA
"173",2,"CASSFRGQGPNEQFF","1",1,"CASSFRGQGPNEQFF","6",7,"",15,2,NA,NA,1,0,NA,1,NA
"174",2,"CSAASGAGT*AFF","1",1,"CSAASGAGTEAFF","18",19,"",13,2,NA,NA,1,0,NA,1,NA
"175",2,"CISVPEAEG_GDRYEQYF","1",1,"CISVSEAEG_GDRYEQYF","2",3,"",18,2,NA,NA,1,0,NA,1,NA
"176",2,"CP*TGGV_V*ETQYF","1",1,"CP*TGGV_VQETQYF","12",13,"",15,2,NA,NA,1,0,NA,1,NA
"177",2,"CASRGPGETGELFF","1",1,"CASRGPGGTGELFF","20",21,"",14,2,NA,NA,1,0,NA,1,NA
"178",2,"CSARGTSGRAQSYEQYF","1",1,"CSARGTSGRAQSYEQYF","6",7,"",17,2,NA,NA,1,0,NA,1,NA
"179",2,"CASSQPGDDEQFF","1",1,"CASSQPGGDEQFF","9",10,"",13,2,NA,NA,1,0,NA,1,NA
"180",2,"CSVDSEGGNTIYF","1",1,"CSVDSEGGNTIYF","60",61,"",13,2,NA,NA,1,0,NA,1,NA
"181",2,"CASSLGLAVNTGELFF","1",1,"CASSLGLAVNTGELFF","31",37,"",16,2,NA,NA,1,0,NA,1,NA
"182",2,"CARSLAGWNEQFF","1",1,"CASSLAGWNEQFF","14",15,"",13,2,NA,NA,1,0,NA,1,NA
"183",2,"CAISTGLQTDTQYF","1",1,"CATSTGLQTDTQYF","17",18,"",14,2,NA,NA,1,0,NA,1,NA
"184",2,"CSVEGLAGNNEQFF","1",1,"CSVEGLAGNNEQFF","81",82,"",14,2,NA,NA,1,0,NA,1,NA
"185",2,"CSVRTGGDEQYF","1",1,"CSVRTGGYEQYF","266",267,"",12,2,NA,NA,1,0,NA,1,NA
"186",2,"CSVSGGWQETQFF","1",1,"CSVSGGWQETQYF","24",25,"",13,2,NA,NA,1,0,NA,1,NA
"187",2,"CAESNRGDEQFF","1",1,"CAESNRGDEQFF","13",14,"",12,2,NA,NA,1,0,NA,1,NA
"188",2,"CASSTLLEYQETQYF","1",1,"CASSTLLEYQETQYF","14",15,"",15,2,NA,NA,1,0,NA,1,NA
"189",2,"CASSLQREREASIKWEFF","1",1,"CASSLQREREASIKWEFF","49",50,"",18,2,NA,NA,1,0,NA,1,NA
"190",2,"CASSLQGAREKLFF","1",1,"CASSLQGAREKLFF","3",4,"",14,2,NA,NA,1,0,NA,1,NA
"191",2,"*ATSRDLGAAEQYF","1",1,"CATSRDLGAAEQYF","17",18,"",14,2,NA,NA,1,0,NA,1,NA
"192",2,"CASRRGQVQETQYF","1",1,"CASRRGQVQETQYF","14",15,"",14,2,NA,NA,1,0,NA,1,NA
"193",2,"*ASSRKGETTGEQYF","1",1,"CASSRKGETTGEQYF","21",22,"",15,2,NA,NA,1,0,NA,1,NA
"194",2,"CASSQDYNEQFF","1",1,"CASSQDYNEQFF","4",5,"",12,2,NA,NA,1,0,NA,1,NA
"195",2,"*ASSLGAGNYTF","1",1,"CASSLGAGNYTF","5",6,"",12,2,NA,NA,1,0,NA,1,NA
